word,count_hi,count_lo,log_odds
slowest,7,139,-4.793705592465881
mcdonald's,14,158,-4.292358712654433
mcdonalds,13,139,-4.234089804530458
kfc,12,79,-3.748581988748758
disgusting,22,99,-3.4011806815953545
worst,98,409,-3.3525420211001773
nasty,19,67,-3.155280143158529
airport,33,98,-3.0002640370548423
thru,196,572,-2.9991866995131646
horrible,127,355,-2.9544051784688268
awful,52,127,-2.8132430619039095
gross,38,92,-2.800542558560023
terrible,126,257,-2.6402772099994385
somewhere,38,75,-2.598676405693098
slow,297,570,-2.581800434687019
bell,36,68,-2.554693303489448
rude,134,247,-2.539658679262966
management,57,101,-2.4960345142742657
drive,448,777,-2.481208347972551
sucks,85,145,-2.4607640369912422
poor,74,126,-2.4582036844586943
dirty,106,172,-2.411967471572285
subway,49,79,-2.401508340782148
manager,97,145,-2.3301438545741773
nuggets,42,61,-2.297438980887942
employee,38,50,-2.199768698131093
bother,44,56,-2.167893489600643
waste,60,76,-2.164436269216786
coupons,45,54,-2.1101965002797884
window,64,72,-2.0475768827891683
machine,51,57,-2.0407040035014052
waited,89,99,-2.036865227194239
avoid,180,197,-2.0212747109651223
crap,44,48,-2.0166625198767196
minutes,313,315,-1.9378539392150715
attitude,56,56,-1.9315047115364132
cent,45,38,-1.7664249611769645
bad,580,485,-1.752962578584996
correct,47,39,-1.7491831547424583
coke,62,51,-1.7396137037263086
shit,63,51,-1.7238653467581697
asked,117,93,-1.7041148693407528
employees,196,153,-1.6852535852120543
bag,58,45,-1.6826086641197886
paid,50,38,-1.6632407249417334
cheeseburger,48,36,-1.6506023260700102
elsewhere,47,35,-1.6438226390846316
leaving,50,37,-1.6372652385384718
bathroom,71,52,-1.6251305060724803
forever,82,60,-1.6235379679131254
health,59,43,-1.6213497832325743
hate,59,42,-1.5983602650078756
shakes,67,47,-1.5831980172681979
floor,48,33,-1.5660449380419479
ridiculous,56,38,-1.5520150898315102
workers,76,51,-1.5389430082641562
play,99,66,-1.5310271449392872
mins,117,78,-1.5302679395377696
king,92,61,-1.5260396034282477
delivery,219,144,-1.5146109076046264
seem,78,50,-1.493882491793718
dollar,88,56,-1.485919609638823
location,907,577,-1.4798342016074972
took,236,147,-1.4606568441653964
cashier,62,38,-1.4519316312745278
orders,181,111,-1.4459968957547122
working,169,103,-1.4400971736275237
young,52,31,-1.4269487007840187
money,216,130,-1.4268046811971056
seen,79,47,-1.4206790877704227
smoothie,144,86,-1.4206790877704218
gave,126,75,-1.4180509653641522
coupon,83,49,-1.4127109181212454
online,105,62,-1.4112003438158789
forgot,71,41,-1.3925082108037268
shake,119,69,-1.3925082108037268
stay,185,107,-1.3878892649474306
customers,142,82,-1.3875006890731036
joke,51,29,-1.3814583746171412
unless,110,63,-1.3808575935837517
wouldn't,104,59,-1.3718889236009897
court,52,29,-1.3624101796464476
job,106,59,-1.353020439296607
girl,91,50,-1.341541767211698
game,111,61,-1.340140225286409
empty,88,48,-1.3346886399148996
cents,70,38,-1.332386480624745
locations,63,34,-1.3279696896661557
store,212,115,-1.3238027369333523
box,115,61,-1.3050489054751404
sitting,121,63,-1.2863667501628289
meh,70,36,-1.2797427471393226
typical,55,28,-1.2734488507877373
walked,92,47,-1.2701062292910477
rather,63,32,-1.2691291896432215
ranch,71,36,-1.2657565051645827
piece,90,45,-1.2492866015086577
midnight,59,29,-1.2383575309764687
someone,98,48,-1.2282051595124504
delivered,58,28,-1.2212630976171681
never,903,441,-1.215985233221935
gone,114,55,-1.2119242739083127
ready,225,106,-1.1837985467260328
away,355,167,-1.1805379600876416
pay,214,100,-1.1759872002500087
ass,106,48,-1.1504961751851326
overpriced,137,62,-1.1473857527707407
needs,165,74,-1.1370050367161797
expect,194,87,-1.1358419674508724
mediocre,108,48,-1.1319771274178958
kids,328,146,-1.1258795475497774
carry,64,28,-1.124413271627251
girls,72,31,-1.1067811731877484
min,201,87,-1.100573828613415
hurry,57,24,-1.0899375258581951
hell,64,27,-1.0893219518159807
didn't,373,160,-1.0886532791063441
doors,62,26,-1.0842068511492098
waiting,308,129,-1.0656978850942505
mean,92,38,-1.0624668645128033
bucks,83,34,-1.056035974182513
cost,83,34,-1.056035974182513
cold,457,189,-1.051659599582714
lady,103,42,-1.0483139280886027
read,97,39,-1.0354166869797767
guess,102,41,-1.0344453415901453
looked,63,25,-1.0307181661982234
dry,174,70,-1.0293986146542133
decided,66,26,-1.0226489581497766
isn't,203,81,-1.0201039649564487
sad,131,52,-1.0189947025021642
diet,62,24,-1.0072458100130817
margarita,62,24,-1.0072458100130817
bland,100,39,-1.0052636488090902
seems,128,50,-1.0035179398990675
total,65,25,-0.9999465075314689
doesn't,254,99,-0.9954113523660784
chinese,219,85,-0.9922244614375595
deliver,87,33,-0.9805284216743679
charge,158,60,-0.9734743734894922
double,234,89,-0.9717288677225184
oatmeal,67,25,-0.970093544381788
greasy,96,36,-0.9677116456772543
means,62,23,-0.966423815492826
fat,115,43,-0.9621041543483102
haha,65,24,-0.9607257943781882
burnt,73,27,-0.9596441285074473
past,81,30,-0.958772668757307
either,134,50,-0.9580555658223098
anymore,84,31,-0.9545893578458227
saw,95,35,-0.9506754585246862
purchase,93,34,-0.9435579907558234
possible,61,22,-0.9398645424204712
help,116,42,-0.9305308924322189
completely,70,25,-0.9269213725165795
spend,70,25,-0.9269213725165795
medium,111,40,-0.9265779069456253
tip,338,123,-0.9257861697609995
sometimes,114,41,-0.9242422014565319
phone,188,68,-0.9238642010740294
smoothies,128,46,-0.9218399088848006
buffet,312,113,-0.9214999693907551
register,65,23,-0.9199037998579325
give,467,169,-0.9188348526690282
else,363,131,-0.9171527664860433
break,85,30,-0.9111446197680522
don't,2462,885,-0.9090862640209556
rush,116,41,-0.9070003950220249
disappointing,66,23,-0.9048659224933928
watch,150,53,-0.9032089212857635
order,2370,844,-0.8997742528281814
biscuits,103,36,-0.8980317250392646
apparently,75,26,-0.8966082372544104
skip,140,49,-0.8947678265863903
work,427,150,-0.889661352769541
ladies,70,24,-0.8877006593632988
running,73,25,-0.8855361563537247
another,350,122,-0.8829028434429649
instead,225,78,-0.8804175647311476
ago,105,36,-0.8789835300685711
takes,180,62,-0.8761424066621197
called,180,62,-0.8761424066621197
frozen,91,31,-0.8754520372870989
using,71,24,-0.8737144173885589
hair,74,25,-0.8721131360215839
low,132,45,-0.8697969798037537
starbucks,80,27,-0.8692600670391784
refills,60,20,-0.8651532850865244
wings,589,202,-0.8645881536784357
pepperoni,63,21,-0.8636640815350578
least,235,80,-0.8621220611832419
station,81,27,-0.8569899744473641
care,172,58,-0.8557505609443536
lol,348,118,-0.855556282445515
run,258,87,-0.8520134643150818
deals,106,35,-0.8421948155306156
average,171,56,-0.8270615025575099
wanted,129,42,-0.8251703767743939
kinda,117,38,-0.8243817332003953
they've,72,23,-0.8190991007359667
told,167,54,-0.8148739173656248
turn,82,26,-0.8085009697441432
ordered,574,185,-0.8028813444522642
shot,95,30,-0.8011437245537234
reviews,250,80,-0.800500927077068
ordering,223,71,-0.7965247786974272
debit,105,33,-0.7944261420405088
tables,259,82,-0.789663688317483
cup,188,59,-0.7841022586988711
surprisingly,81,25,-0.7828820022936416
making,141,44,-0.7823401437054729
actually,261,82,-0.782000815571914
missing,91,28,-0.7770119644738465
nights,91,28,-0.7770119644738465
used,199,62,-0.7763220713799077
soda,178,55,-0.7694705964308071
probably,226,70,-0.7692345710963258
kid,92,28,-0.7662010483696307
beware,102,31,-0.7625116261065035
customer,1049,324,-0.7587844507145816
use,374,115,-0.7581688766723671
pass,96,29,-0.7579911146951854
reason,109,33,-0.7573848703601591
wifi,258,79,-0.7567032845107571
tuesday,239,73,-0.7549308813985922
stick,77,23,-0.7528497151947668
decent,338,103,-0.7498955032973358
pick,260,79,-0.7490109388876016
minute,107,32,-0.7458810458786722
late,400,121,-0.7415643289631006
buffalo,105,31,-0.7338015202240733
leave,228,68,-0.731889212579433
plain,82,24,-0.7315399286080151
chain,69,20,-0.7275319072104764
water,276,82,-0.7263278131456721
mine,66,19,-0.7225443656994397
old,435,129,-0.7213969186429612
counter,244,72,-0.7207059421400777
expensive,241,71,-0.7192331043957818
chipotle,184,54,-0.71848207169056
single,90,26,-0.7164820710238917
taking,117,34,-0.7161681485601621
card,330,97,-0.7143538148299218
wasn't,202,59,-0.7126432947167274
mention,77,22,-0.7102901007759712
lines,118,34,-0.7077292799142976
car,112,32,-0.7006244542905513
person,191,55,-0.6993610302437805
waitress,219,63,-0.6967602485437236
even,1100,319,-0.6958515706075055
business,486,140,-0.6920004788319911
extremely,252,72,-0.6885746639572847
believe,145,41,-0.6855677081114449
draft,72,20,-0.685567708111444
guy,232,66,-0.6851588773616779
til,79,22,-0.6849722927916808
english,79,22,-0.6849722927916808
fast,1273,365,-0.6842212088056705
pieces,100,28,-0.6836800246816281
inside,505,144,-0.6817017846695226
put,273,77,-0.6750854318379345
left,242,68,-0.6725497727931238
due,80,22,-0.6725497727931238
couldn't,147,41,-0.6719620560556665
margaritas,66,18,-0.6712510713118878
arrive,66,18,-0.6712510713118878
fine,119,33,-0.6703734933705299
still,808,228,-0.669427798032161
others,77,21,-0.6658383382051376
tasted,258,72,-0.6651360909852668
app,143,39,-0.6505708660743492
blue,111,30,-0.6469930447264645
buy,274,75,-0.6454669541561726
surprised,75,20,-0.6452938089735039
wrong,582,160,-0.6447218901703833
lettuce,108,29,-0.6413542109694248
almost,217,59,-0.6413542109694248
half,523,143,-0.6398263267913711
discount,116,31,-0.635066679538383
bartender,138,37,-0.6346169381321065
came,449,122,-0.6344414841444657
okay,160,43,-0.6342899804702107
getting,402,109,-0.6330485153821463
long,818,222,-0.6305923991434623
usually,216,58,-0.6291448019016732
save,183,49,-0.6285919593555729
head,95,25,-0.6252530580900579
accept,84,22,-0.6243476709752454
snack,118,31,-0.6181171212246106
sorry,126,33,-0.6136781496939836
convenient,74,19,-0.6097488715540944
school,119,31,-0.6097488715540944
slice,108,28,-0.6074526592937435
literally,127,33,-0.6058349722329588
morning,263,69,-0.6040508504394557
star,233,61,-0.6033179812238023
years,271,71,-0.6023687642564708
topping,86,22,-0.6010908088109783
tell,200,52,-0.598491717029459
bill,94,24,-0.5965036448040735
slices,83,21,-0.591730366051415
update,76,19,-0.5834315632367204
nothing,419,108,-0.5825978824881428
talk,84,21,-0.5798959084044117
matter,88,22,-0.5783625577334224
bagel,170,43,-0.5740307889520135
could,520,133,-0.5735944697339574
salty,143,36,-0.5726093246046373
months,77,19,-0.5705281584008137
changed,97,24,-0.565413057734041
entrance,66,16,-0.5600254362016646
goes,102,25,-0.5548722613282582
ayce,126,31,-0.5530535278775481
longer,226,56,-0.5496059618895606
going,675,168,-0.5452103504165224
times,529,131,-0.5414296275766164
god,124,30,-0.5371781787192589
line,640,157,-0.5310702876427094
menus,68,16,-0.5306115509953706
thought,129,31,-0.529706163880558
last,472,115,-0.5259995141508451
think,433,105,-0.5218992715480759
seriously,245,59,-0.5205177378261512
tax,73,17,-0.5178113762284084
drove,73,17,-0.5178113762284084
meals,168,40,-0.5151780633176477
pickles,65,15,-0.5144386917497688
kept,65,15,-0.5144386917497688
together,98,23,-0.5144386917497688
need,738,178,-0.5135925964289658
hand,156,37,-0.5128450659144903
chance,90,21,-0.5116876583778787
anyone,148,35,-0.511077344047064
better,1376,331,-0.508977181724247
aren't,111,26,-0.5088427062456464
groupon,82,19,-0.5083963772938063
closed,1505,359,-0.5003963346267293
behind,196,46,-0.49844858450848406
vanilla,129,30,-0.4979574655659782
deep,104,24,-0.4964201862470894
fill,71,16,-0.488051936576575
drink,815,191,-0.48458572860008786
tastes,301,70,-0.4837575712028581
know,710,166,-0.48282609414992717
pretty,898,210,-0.482079810540859
less,221,51,-0.4800710482455619
want,983,229,-0.47795812340735466
gonna,119,27,-0.47621747892957167
front,235,54,-0.4750060917432739
drinking,72,16,-0.47425861444423845
quick,833,193,-0.47312946824099456
that's,399,92,-0.4726396575816869
hours,628,145,-0.4709800765443095
review,236,54,-0.470777755633752
right,844,195,-0.47028274340975695
son,94,21,-0.46867027329418853
says,211,48,-0.4667387349750278
enjoying,77,17,-0.46516764274298694
though,493,113,-0.46516764274298605
thing,389,89,-0.46516764274298517
servers,169,38,-0.45926792061579746
raw,108,24,-0.4590326541754699
part,143,32,-0.4581989734268923
caramel,130,29,-0.45750476999741707
maybe,200,45,-0.4568411999664317
eat,1835,418,-0.45403106027811546
mocha,113,25,-0.45340280116339926
since,359,81,-0.45211992735051076
let's,109,24,-0.44990017061219767
smile,109,24,-0.44990017061219767
felt,87,19,-0.44990017061219767
otherwise,96,21,-0.4478361863913456
dipping,74,16,-0.4472299420563193
clean,1031,232,-0.44328921906060526
however,155,34,-0.4369967657762901
nicest,66,14,-0.434862293247658
mustard,66,14,-0.434862293247658
credit,200,44,-0.43486229324765713
weeks,93,20,-0.432732366989832
closes,102,22,-0.43226993923592616
stars,353,78,-0.4316556508696596
dining,355,78,-0.4260218331514034
change,211,46,-0.42506603857446024
establishment,103,22,-0.42260802832418953
year,180,39,-0.42188713438452385
strawberry,185,40,-0.4193301045275186
near,167,36,-0.4184586447773784
sour,99,21,-0.4173769789066366
deal,440,96,-0.41717081459294914
said,522,114,-0.4168553758347402
burger,1071,234,-0.41380888404982397
except,72,15,-0.413633992627803
cheap,479,104,-0.4116789577919997
extra,535,116,-0.40954448526336673
lot,549,119,-0.40907817609194286
two,797,173,-0.4084514133011332
polite,100,21,-0.4074266480534696
crowd,100,21,-0.4074266480534696
smell,68,14,-0.40544840804136406
currently,68,14,-0.40544840804136406
teriyaki,110,23,-0.40002834057202463
consistently,106,22,-0.39417009300365535
large,516,110,-0.39299203834031804
tomatoes,69,14,-0.3910596705892644
mini,83,17,-0.3910596705892644
careful,69,14,-0.3910596705892644
bun,116,24,-0.38820660160685705
hard,355,75,-0.38730732097071296
night,939,199,-0.3839422028203998
closing,131,27,-0.380907299125246
fry,98,20,-0.380907299125246
win,89,18,-0.3761340203725876
area,672,141,-0.37558643949294535
fix,175,36,-0.3719386291424849
none,80,16,-0.37026890092019116
might,223,46,-0.3700062613914312
haven't,219,45,-0.36651856167314634
gets,277,57,-0.36432660839219544
serving,162,33,-0.36411503534581335
stand,81,16,-0.35799880832837694
set,115,23,-0.35596835077799405
stopped,149,30,-0.354856621925304
cherry,67,13,-0.3510543359755651
american,106,21,-0.34971833043282174
started,72,14,-0.3490954714902319
yeah,155,31,-0.3473846070866031
picture,77,15,-0.3473846070866031
onion,155,31,-0.3473846070866031
see,667,136,-0.34719746382789207
door,355,72,-0.34703342183277375
taco,565,115,-0.3465008244395955
pre,82,16,-0.34587744779603113
smells,170,34,-0.34518921652316603
eating,434,88,-0.34479505017986867
feeling,87,17,-0.3445396549543709
several,92,18,-0.34334419754959633
open,1473,300,-0.34287990353600684
kitchen,240,48,-0.33852807615638447
look,329,66,-0.33710467646685327
photo,68,13,-0.3364555365544124
ever,2592,525,-0.3362351387354581
face,83,16,-0.33390125674931603
games,93,18,-0.33264890843284967
fries,1276,257,-0.3321954404254903
much,890,179,-0.33211713495581385
serve,346,69,-0.3306751736389124
pizza,3069,614,-0.32369413876168807
cause,99,19,-0.32206679910231273
needed,109,21,-0.32206679910231273
building,149,29,-0.32206679910231273
interior,84,16,-0.32206679910231273
hour,1183,235,-0.31868270111807195
grand,145,28,-0.3151939198145506
like,3111,616,-0.3133528501435183
across,186,36,-0.3113140073260512
road,90,17,-0.311016962915728
there's,384,75,-0.30899471753495966
bigger,75,14,-0.3088215723522918
time,3583,706,-0.30830060333816434
company,70,13,-0.3078821641103566
crazy,202,39,-0.3071781866085628
days,263,51,-0.30679932697152434
people,1459,286,-0.3047952125936524
till,157,30,-0.3028968829945935
cut,157,30,-0.3028968829945935
guys,290,56,-0.3012327121994707
way,1000,195,-0.30086459145170963
hope,183,35,-0.3000878923835364
orange,195,37,-0.2909762120322803
serves,92,17,-0.2892769762793215
say,671,129,-0.28878082146884587
drinks,910,175,-0.2874458093146064
close,486,93,-0.2865353707238274
three,218,41,-0.28010260000328113
unfortunately,72,13,-0.28010260000328024
things,230,43,-0.27327663493288057
keep,330,62,-0.27252106255088204
prepare,78,14,-0.27010706017160224
cheddar,78,14,-0.27010706017160224
ones,115,21,-0.2689569737883648
burrito,580,109,-0.2672343204769181
mayo,73,13,-0.2664969479475019
i'd,163,30,-0.26562548819736165
oil,105,19,-0.2637978909783385
moving,68,12,-0.26234756440068985
without,286,53,-0.26100654234106635
brought,116,21,-0.2603732300969721
folks,79,14,-0.25752827796474165
won't,546,101,-0.2520287223987028
country,85,15,-0.2497461375226866
day,1344,249,-0.2488163373627197
let,339,62,-0.24569382031773834
done,242,44,-0.2451057579661846
egg,534,98,-0.24435781477499674
quickly,129,23,-0.24202409142877634
dough,75,13,-0.23982870086534014
consistent,86,15,-0.23818531512161023
hit,184,33,-0.23750941107425128
prefer,70,12,-0.23377419195663407
cook,163,29,-0.2328356653743704
idea,103,18,-0.23155279156148012
show,186,33,-0.22675661929798885
chicken,3414,619,-0.22529141757066018
hungry,374,67,-0.22408639074210868
sub,181,32,-0.22400558592609698
along,115,20,-0.2224369581534713
ice,906,163,-0.2212286892454749
playing,71,12,-0.21978794998189422
take,1057,190,-0.21964252716479749
although,110,19,-0.2177067837780715
hot,1498,269,-0.21737317243218968
around,771,138,-0.21699409464232922
name,250,44,-0.21271426217494938
thin,105,18,-0.21250459659078658
value,306,54,-0.21199014918168668
couple,184,32,-0.2076564479245686
served,358,63,-0.20706540640780613
asian,117,20,-0.2053425247941707
honey,174,30,-0.20070594209804504
opened,186,32,-0.19690365614830618
brown,124,21,-0.1942334275924278
remember,107,18,-0.1938124635786327
big,790,138,-0.19268067689945134
high,295,51,-0.19238897579378023
room,326,56,-0.18459580847370916
man,200,34,-0.18354786496675057
whole,264,45,-0.1804162820392854
mary,74,12,-0.17896595546163852
always,2944,509,-0.17805134116909738
it's,3821,659,-0.1752154217566666
expected,98,16,-0.1695982054580405
sugar,168,28,-0.16890182659981434
busy,763,130,-0.16813424557104462
crunchy,69,11,-0.1679161192750538
waiter,145,24,-0.166773914696277
bar,1141,194,-0.16396787988420414
bartenders,81,13,-0.16384279388741874
starting,87,14,-0.162218098160416
end,228,38,-0.16134435411182046
fire,111,18,-0.15744481940775756
yet,300,50,-0.15622007951186312
today,879,148,-0.15552911000961966
iced,401,67,-0.15456032809349818
husband,141,23,-0.15373148428309769
table,573,96,-0.15358629372022925
knows,76,12,-0.15264864714426452
i'm,1262,212,-0.15155175489534667
often,179,29,-0.13974524230835783
pizzas,179,29,-0.13974524230835783
whatever,77,12,-0.13974524230835783
chip,89,14,-0.13974524230835783
already,173,28,-0.13974524230835783
foods,191,31,-0.13974524230835783
dressing,125,20,-0.13974524230835783
cash,606,100,-0.13809643731817367
wait,2050,340,-0.13730443074754906
sign,282,46,-0.13620541560323396
anything,417,68,-0.1301297836089157
later,205,33,-0.12998906736299354
pretzel,90,14,-0.1286954061217731
something,461,75,-0.12667316074100476
quesadilla,72,11,-0.1259519201760213
sausage,292,47,-0.12253311342723716
five,146,23,-0.11912595510562163
service,11358,1853,-0.11883979743079198
south,140,22,-0.11823903708739358
sticky,85,13,-0.11621474489816386
walk,251,40,-0.11564769072929693
wednesday,165,26,-0.11535378918419781
twice,196,31,-0.11403688559815173
priced,375,60,-0.11278943231982996
tuesdays,110,17,-0.11234626812024473
sure,1247,201,-0.11047486000824502
nachos,172,27,-0.11041762721383819
duck,154,24,-0.10695541948536658
beyond,92,14,-0.10695541948536658
non,148,23,-0.10561223593889935
returning,86,13,-0.10465392249708749
free,1905,305,-0.10232772927464673
make,1700,272,-0.1020049143255104
view,130,20,-0.10082982605868374
craving,155,24,-0.10052452915507715
white,361,57,-0.10030351025706175
mind,149,23,-0.09892324778810213
sizes,74,11,-0.09892324778810213
loud,137,21,-0.09529347973752422
easy,206,32,-0.09529347973752245
tho,87,13,-0.09322522667346433
post,106,16,-0.09188922113072273
come,2466,389,-0.08689333413074785
classic,132,20,-0.0856780210380812
ate,202,31,-0.08403463529435307
please,386,60,-0.08395388267994264
sat,215,33,-0.08258682846840948
may,279,43,-0.08090474228542455
combo,458,71,-0.07912062049192237
syrup,82,12,-0.07761346120135038
bloody,114,17,-0.07694434106932846
mixed,127,19,-0.07520672117078853
stop,524,81,-0.07482569620904211
bagels,172,26,-0.07404998304296306
size,281,43,-0.07378727451656086
hole,140,21,-0.07378727451655998
fancy,108,16,-0.07337017336348595
we're,89,13,-0.07075237082140617
personal,102,15,-0.06936444554655807
next,753,116,-0.06828627832621326
plan,128,19,-0.06742458072873347
berry,70,10,-0.06672010729346844
offer,297,45,-0.06305262152010371
works,142,21,-0.05970253463482145
website,103,15,-0.05970253463482145
friday,404,61,-0.05475202947496527
looking,378,57,-0.05441151700040603
you're,803,122,-0.054089797729864664
exactly,71,10,-0.05273386531872859
salt,130,19,-0.05203966188925335
check,1316,200,-0.05169791785220745
park,196,29,-0.049498364460580646
second,275,41,-0.048773464102631614
holiday,91,13,-0.048773464102630726
offered,78,11,-0.046963508857391645
feel,401,60,-0.04592648709070257
mushrooms,98,14,-0.04443506250403395
tap,118,17,-0.04275297632104902
parking,601,90,-0.04210677274444219
freaking,85,12,-0.0421067727444413
mmmmm,125,18,-0.03966178375137552
what's,125,18,-0.03966178375137552
prepared,298,44,-0.03772362791604689
com,199,29,-0.03438472665053105
regular,313,46,-0.03225932733821857
able,86,12,-0.030545950343364936
toasted,86,12,-0.030545950343364936
meal,924,137,-0.02896465918119251
bite,227,33,-0.028519607198134622
tiny,113,16,-0.028519607198134622
located,274,40,-0.028305680574149505
heard,120,17,-0.02608592383583641
they're,510,75,-0.025868461619038996
saturdays,73,10,-0.025334891130613713
subs,127,18,-0.023913426783236602
seated,107,15,-0.021962206651974014
quiet,141,20,-0.020200091658574948
sit,432,63,-0.019650066893595053
call,530,77,-0.013451516984065215
afternoon,136,19,-0.0072560592622803455
breakfast,2372,345,-0.006033230158373648
posted,102,14,-0.004825924408986992
bring,614,88,0.001481186537964696
finish,89,12,0.0033556013323163825
looks,394,56,0.004329785530158503
absolute,110,15,0.005436767536139087
fair,124,17,0.006437267869722874
crust,243,34,0.010315452267374958
forget,341,48,0.011485727415565528
trust,125,17,0.014405437518899333
crunch,90,12,0.01440543751890111
mall,132,18,0.01440543751890111
group,167,23,0.01440543751890111
dine,160,22,0.01440543751890111
quite,224,31,0.01885978786827991
holy,133,18,0.021896109248057627
finally,296,41,0.024557808982917706
i've,1733,243,0.02951322051087235
option,198,27,0.02959560301287567
items,433,60,0.030665958390680537
item,143,19,0.04257631448559529
entrees,71,9,0.04257631448559529
grill,143,19,0.04257631448559529
wrap,295,40,0.0452826760833398
light,252,34,0.046536715701693154
cajun,93,12,0.0468407132720543
fee,93,12,0.0468407132720543
oven,93,12,0.0468407132720543
yes,390,53,0.048218801884678975
price,1362,187,0.04949675733017056
kind,333,45,0.05099488495119253
cooked,304,41,0.05113744678762977
etc,108,14,0.0517929695905206
services,79,10,0.05262665033909819
new,2350,322,0.05343901378099947
round,72,9,0.05636963661793182
gotta,284,38,0.05742282260259035
anywhere,182,24,0.059105616436808006
incredibly,87,11,0.060925453153794606
added,161,21,0.06504917033765523
full,537,72,0.06589440747698028
bacon,670,90,0.06640491891841815
tonight,331,44,0.06696776760975531
number,169,22,0.06879950958470005
many,539,72,0.06960498687351535
grocery,73,9,0.06997528867371017
taste,859,115,0.07183748660477551
poutine,148,19,0.07670932085505378
party,230,30,0.07692579450023374
wraps,96,12,0.07825690950543418
damn,208,27,0.07862503025319434
surprise,111,14,0.07894395865647219
different,485,64,0.08031664246844361
impressed,171,22,0.08049554934789072
black,254,33,0.08339830900585099
included,74,9,0.08339830900585099
pie,382,50,0.08470464491990715
karaoke,127,16,0.0873122083269866
tots,97,12,0.08851340967262367
noon,82,10,0.08944062346181525
comes,294,38,0.09190899867375979
baby,173,22,0.09205637174896708
mon,105,13,0.09287705296039483
enough,590,77,0.09360247918009357
thursday,181,23,0.0944481451924375
bowl,447,58,0.0957510769728529
quality,949,124,0.09664353575587192
lots,455,59,0.09664353575587192
ask,1308,171,0.09801957756003343
sliders,98,12,0.09866578113664026
you've,98,12,0.09866578113664026
every,1143,149,0.1001461663070744
corner,167,21,0.10141681450853035
york,83,10,0.10141681450853035
salsa,404,52,0.10209044201800399
bit,534,69,0.10226679331023458
including,106,13,0.10226679331023547
usual,137,17,0.10537721572462644
four,137,17,0.10537721572462644
fan,183,23,0.10537721572462821
fruit,176,22,0.10915080510826591
based,84,10,0.11325127215553366
spring,193,24,0.11747762265871486
hang,116,14,0.12261902215913345
wow,616,78,0.12391645990195332
choice,288,36,0.1240040639317943
type,85,10,0.12494731191872432
short,218,27,0.12536250810488347
grab,266,33,0.12938342224767396
outside,448,56,0.13246690837129105
add,417,52,0.13368480743622158
side,875,110,0.13433117808764372
ftw,94,11,0.13746553027612762
coming,907,113,0.14354121867038483
evening,127,15,0.14793683014342207
fyi,95,11,0.14793683014342385
cheese,1602,199,0.14981007452510298
east,152,18,0.15449423068958268
especially,370,45,0.15605595458192756
ahead,354,43,0.15642344402074126
noodle,201,24,0.15788716099659084
crowded,201,24,0.15788716099659084
tons,80,9,0.1603593501419791
greatest,80,9,0.1603593501419791
wish,382,46,0.166382675934174
server,586,71,0.16685398927562822
burgers,546,66,0.16825147149460218
pricey,269,32,0.170409685995482
cheesecake,130,15,0.17110388942495725
sauce,1392,169,0.1719118251931313
sesame,81,9,0.17262944273379333
flavored,73,8,0.17533580433153695
overall,139,16,0.17692436701667447
stuff,313,37,0.1803021146454551
eats,123,14,0.18072665296641333
plenty,173,20,0.18302814995469419
beat,215,25,0.18567715812627128
main,107,12,0.18567715812627128
peanut,132,15,0.18625569444555978
beer,1088,130,0.18631308819539605
available,448,53,0.1865341296415668
west,182,21,0.18693898794669295
cards,174,20,0.18875882466367955
sandwich,1763,210,0.19197639155425694
toppings,225,26,0.19319342173154475
month,133,15,0.1937463661747163
trying,443,52,0.19402793734368995
you'll,376,44,0.19407798614127714
takeout,108,12,0.1948938132311948
happy,1543,183,0.1956912614393227
experience,813,96,0.1957446759627448
plus,387,45,0.2008592315977653
staff,3366,398,0.20131129073479848
pepper,151,17,0.2020040514136987
thank,422,49,0.2038444620817188
chips,533,62,0.20575640103224924
warm,297,34,0.2102407134795774
cream,1046,121,0.21815845460086702
request,85,9,0.2202574917230482
mac,430,49,0.22258037313918866
thanks,353,40,0.22422013489305392
pies,103,11,0.22797953781696023
suggest,103,11,0.22797953781696023
steak,710,81,0.22844847100257493
nice,3131,360,0.22904438724139986
note,86,9,0.23181831412412457
places,488,55,0.23550608720330946
sell,130,14,0.23564241056252833
per,174,19,0.23754898883310993
seat,174,19,0.23754898883310993
chili,323,36,0.2383208916116919
special,1208,137,0.23879045392117515
dinner,1183,134,0.23987432546910892
dish,324,36,0.24140255814910017
mozzarella,87,9,0.24324700994774773
lovers,87,9,0.24324700994774773
buns,87,9,0.24324700994774773
saturday,415,46,0.24903294701479162
well,1345,151,0.24950727782198356
fri,79,8,0.25329734580124885
apple,239,26,0.25329734580124885
filled,97,10,0.2555674943357893
limited,258,28,0.2580275201766504
cookies,169,18,0.25985474634740946
found,457,50,0.26353883985344595
book,98,10,0.2657198657998059
sun,134,14,0.2657198657998059
miss,314,34,0.2657198657998068
plaza,107,11,0.26571986579980766
point,324,35,0.26880153233721504
original,207,22,0.27053915223575586
word,144,15,0.27264030864438027
desert,135,14,0.2730999730974286
they'll,117,12,0.2742305554677156
everyone,408,44,0.2755479547360684
creamy,99,10,0.2757702016533088
he's,90,9,0.2767697019863906
lunch,2625,287,0.2787518631903829
disappointed,519,56,0.2792728322045104
friend,218,23,0.2795131879321424
moved,109,11,0.2840690044680034
return,256,27,0.2853668631836026
forward,100,10,0.2857205325064758
potatoes,247,26,0.2860871686242401
restaurant,1903,206,0.2874887105495283
start,266,28,0.2884481168773618
joint,313,33,0.2915277497556783
loves,110,11,0.29311883998792077
larger,73,7,0.29311883998792077
spicy,1085,116,0.29657785415971194
grilled,482,51,0.2972682235347319
can't,1404,150,0.2990080334165084
turkey,232,24,0.3006579171610877
selections,83,8,0.302087509970681
peppers,130,13,0.30463528204948
choose,205,21,0.30532900389485285
makes,430,45,0.30596198207824
glass,168,17,0.30802224549049484
life,337,35,0.3080222454904957
prime,93,9,0.3092049777395438
freshly,112,11,0.31097645738792856
fun,659,69,0.3122398814346994
tofu,207,21,0.3149909148065895
home,898,94,0.31590143133466686
enjoy,529,55,0.31602060427460543
cinnamon,179,18,0.3170131601873578
disappoint,94,9,0.31978708707008074
gravy,170,17,0.3197870870700825
beers,228,23,0.3241634616698814
back,3743,391,0.32514328627060696
early,651,67,0.32903214521413293
food,20033,2087,0.3297194486327668
checking,95,9,0.33025838693737697
wife,172,17,0.33141512506520066
diner,115,11,0.33717882978195135
treat,212,21,0.33874500081469705
pho,493,50,0.33920517292718344
interesting,125,12,0.33982783795352844
made,1250,128,0.34038139456882543
split,96,9,0.3406211739729237
bon,106,10,0.34342885012712365
dark,106,10,0.34342885012712365
onions,194,19,0.34576257347334227
follow,77,7,0.34576257347334227
course,233,23,0.34576257347334405
everyday,165,16,0.34726973276391426
entire,126,12,0.34773301746064256
unbelievable,87,8,0.3486075256055745
cookie,146,14,0.35087767414011317
specials,715,72,0.35171601427584154
rest,107,10,0.3527312427894369
birthday,225,22,0.3535360718067242
far,638,64,0.35401247294548455
sauces,235,23,0.35427326314125196
yay,127,12,0.35557619492166737
mmmm,157,15,0.3585015992507721
sunday,582,58,0.35914503090836014
decor,227,22,0.36234670148887815
cannot,118,11,0.3627121317871165
omg,456,45,0.3645372828686968
summer,178,17,0.3655093364081772
i'll,378,37,0.3684453338196283
place,12631,1263,0.3704472696922627
spinach,189,18,0.37108038145763267
burritos,240,23,0.37523839160629713
street,431,42,0.37572076101413465
liked,150,14,0.37772492417630055
noodles,251,24,0.37904855110681
neighborhood,211,20,0.3805591254121765
cooking,100,9,0.38103071231079966
blueberry,100,9,0.38103071231079966
little,1575,155,0.38128455163187436
totally,262,25,0.3825527826198698
find,698,68,0.38403952610013814
bean,151,14,0.3843256082076536
pancakes,315,30,0.3902502975653519
prices,1378,134,0.3923343878184591
lemonade,194,18,0.3970558678608942
sweet,985,95,0.3978034515983859
first,1561,151,0.39833709801694184
live,390,37,0.39961668872256784
sooo,174,16,0.40006791833088506
thumbs,102,9,0.4006391836991767
opening,339,32,0.40093334460731445
toronto,123,11,0.4038702042806239
tried,693,66,0.40627462957942484
visit,528,50,0.40765808759756084
blt,82,7,0.4078943545803497
sprouts,82,7,0.4078943545803497
thick,82,7,0.4078943545803497
good,13994,1345,0.41005818020846796
middle,124,11,0.41190237597788837
restaurants,239,22,0.4136399958764283
salads,281,26,0.4145654933973715
words,135,12,0.41620081673810283
fish,1032,97,0.42375027891265393
heat,115,10,0.4241902067715806
heart,94,8,0.4251476027279075
mmm,158,14,0.4293492895816087
calamari,116,10,0.4327739504629733
pancake,95,8,0.43561890259520375
shrimp,650,60,0.43613106649884514
salad,1699,158,0.4379746162876632
freshest,74,6,0.4400732529445843
key,74,6,0.4400732529445843
baked,279,25,0.4451883536113552
july,96,8,0.44598168963075047
choices,248,22,0.45045396899914536
butter,324,29,0.45112308913116905
small,1181,108,0.4521106042004863
music,531,48,0.45331847969460526
fajitas,75,6,0.45331847969460526
veggies,162,14,0.4541952881681386
guacamole,97,8,0.45623818979793995
roll,599,54,0.4580917584472628
mondays,141,12,0.4593729886033113
rolls,571,51,0.46639056126195744
friends,451,40,0.46860540159151043
we'll,154,13,0.4728630757675756
concept,121,10,0.47462106039847285
coffee,2500,224,0.47684081713678594
reminds,88,7,0.4776901165158911
eaten,189,16,0.4823060165678559
ham,122,10,0.48278437103763494
protein,111,9,0.4844090667646359
pop,167,14,0.4844090667646359
beans,314,27,0.4888634171140165
entree,123,10,0.49088158127025316
share,225,19,0.4932980141818817
regret,146,12,0.4939785177807874
huge,645,56,0.4962435244116392
super,1949,171,0.49658546320792585
pleasant,158,13,0.49834216106856033
rice,1001,87,0.5009117556301907
packed,261,22,0.5013455762955346
north,136,11,0.5035695645037119
build,79,6,0.5046117740821554
panini,125,10,0.5068819226166941
potato,378,32,0.5095239320795342
tortillas,114,9,0.5108423238327902
christmas,91,7,0.5108423238327919
real,564,48,0.5135007214994012
true,149,12,0.5141812250983069
anniversary,80,6,0.5170342940807124
missed,80,6,0.5170342940807124
meat,998,85,0.5209027708586325
kick,92,7,0.5216532399370077
soft,244,20,0.5252310612848916
hash,186,15,0.527015183078392
outdoor,151,12,0.5274264518483278
mango,280,23,0.5287961274493878
decide,81,6,0.5293043866725267
accommodating,93,7,0.5323485290537544
appetizers,152,12,0.5339838523944866
worth,1695,143,0.5347098052394355
island,129,10,0.5381344661207983
fried,1004,84,0.5385868524664472
sides,177,14,0.5422286376534622
eggs,403,33,0.5435496418085748
pot,215,17,0.5534019382515876
seasoned,95,7,0.5534019382515876
chocolate,576,47,0.555136544063795
bread,1010,83,0.556373708640745
opens,84,6,0.5652363958985909
boy,133,10,0.5684398156161272
pineapple,133,10,0.5684398156161272
nom,194,15,0.5689061247875529
family,819,66,0.5731070093309194
options,653,52,0.5813107263686632
generous,172,13,0.5827295533461072
monday,333,26,0.5837994154359585
support,123,9,0.586191761074577
rocks,210,16,0.5871400778834364
weather,86,6,0.5884932580628579
world,273,21,0.5905809414933412
plates,136,10,0.5905809414933412
menu,2622,209,0.5934617376129916
space,225,17,0.5986585298397085
patio,452,35,0.6008684754905111
top,553,43,0.6014703412926101
crispy,365,28,0.6038327918784789
favourite,100,7,0.6041742636250103
meet,101,7,0.614026560068023
tender,203,15,0.614026560068023
soup,1109,86,0.6147024641153838
combination,76,5,0.6205412410892155
pig,76,5,0.6205412410892155
southern,89,6,0.6223948097385392
chicago,102,7,0.6237827350133873
veggie,386,29,0.6257225998312128
chill,154,11,0.6270137555948345
pan,245,18,0.6293878452295099
selection,738,56,0.6307419415772388
garlic,531,40,0.6315667111009242
miso,129,9,0.6334446459251222
bone,129,9,0.6334446459251222
bottles,77,5,0.6334446459251222
balls,77,5,0.6334446459251222
week,545,41,0.6334446459251231
welcome,142,10,0.633444645925124
melt,156,11,0.6398344440238954
seating,536,40,0.6409213162681437
scottsdale,131,9,0.6487121180559114
we've,105,7,0.6524928408958175
fave,158,11,0.6524928408958193
tasting,332,24,0.6577619535758306
groups,79,5,0.6587624539094126
healthy,560,41,0.6605465757029148
shopping,93,6,0.6658799216782771
seats,120,8,0.667061256724109
est,120,8,0.667061256724109
club,255,18,0.6692337537767097
owner,771,56,0.6744285706538129
soon,446,32,0.6745463216106762
center,94,6,0.6764620310088141
appetite,94,6,0.6764620310088141
croissant,162,11,0.6773388394823492
variety,325,23,0.6773388394823501
absolutely,692,50,0.6776996549291647
ingredients,312,22,0.6792042630745909
strong,108,7,0.6804016290128949
friendly,4256,311,0.6818120664822569
bottle,163,11,0.6834550664997856
specialty,95,6,0.6869333308761103
lime,82,5,0.6955764270321296
eye,96,6,0.697296117911657
eastern,96,6,0.697296117911657
vietnamese,124,8,0.6995844484296683
filet,124,8,0.6995844484296683
goodness,139,9,0.7075526180788447
philly,139,9,0.7075526180788447
helpful,294,20,0.7109482070799844
pad,238,16,0.7117454963388816
simple,309,21,0.7140251325844629
sooooo,126,8,0.7154577975859588
alcohol,98,6,0.7177049895428631
meatballs,98,6,0.7177049895428631
weekly,84,5,0.719387075725848
satisfied,84,5,0.719387075725848
pulled,184,12,0.7239017560803749
truly,142,9,0.7287548257294478
john,85,5,0.7310831154890387
easily,100,6,0.737705656249533
mom,158,10,0.7395042178854485
portions,900,61,0.7448661610268337
treats,101,6,0.7475579526925458
tea,1302,88,0.7522834958562923
cool,718,48,0.7545363480740068
city,293,19,0.7563427822482769
weekends,221,14,0.7631224692336556
level,177,11,0.7653721889676728
fresh,3430,230,0.7666846208002429
weekend,238,15,0.7723701181553171
trip,239,15,0.7765454895657964
ginger,119,7,0.7765454895657964
roast,329,21,0.7765454895657973
feels,104,6,0.7765454895657982
addition,104,6,0.7765454895657982
beef,1140,75,0.7774222980393315
rib,195,12,0.7816605902325691
attentive,271,17,0.7839255968634191
dogs,362,23,0.7848442923804928
stone,90,5,0.7875953257523811
hands,515,33,0.7882415293289879
yelp,791,51,0.7918129616965857
house,580,37,0.7956598855891128
traditional,152,9,0.7963481168619762
juicy,137,8,0.7985243962845718
pumpkin,229,14,0.7985243962845718
recommend,1502,97,0.7987461995459899
glad,245,15,0.8012381021561685
charlotte,199,12,0.8018632975500886
spice,185,11,0.8093353123887894
maple,108,6,0.8139330216374177
sold,93,5,0.8200306015055343
soooo,203,12,0.8216659248462683
acai,78,4,0.8285052284965069
mix,173,10,0.8296553148797461
owners,379,23,0.8306127108360739
tasty,1569,98,0.8322063366713506
waffle,190,11,0.8358620667222176
rock,143,8,0.8410840107033675
filling,176,10,0.8467497482390449
scallops,112,6,0.849972958120615
steaks,80,4,0.8535065307019245
amount,145,8,0.854877332835704
soups,145,8,0.854877332835704
mexican,732,44,0.8589785005799184
sandwiches,1046,63,0.8632964159744514
red,507,30,0.8649895315569225
flavor,739,44,0.8684829848914823
comfortable,98,5,0.8718556693701203
list,198,11,0.87689346340008
pour,182,10,0.8800861685066383
shop,516,30,0.8825509584868696
sake,150,8,0.888550547942291
bento,83,4,0.8898741748727996
tacos,1988,117,0.8931979428518941
cakes,168,9,0.8958089103926135
yum,1455,84,0.9092922607299023
daily,376,21,0.9096980225532816
sundays,223,12,0.9151919828570918
chorizo,120,6,0.9183756850050155
excited,172,9,0.9192017899673193
killer,103,5,0.9211267183769039
reasonably,155,8,0.9211267183769039
sushi,1759,100,0.9264438596545252
ribs,365,20,0.926606184141531
juice,279,15,0.9306961693930553
yummy,2056,116,0.935325243318788
reasonable,439,24,0.9363941905076931
jerk,140,7,0.9378136371619199
muffins,105,5,0.9401749133475974
banana,442,24,0.9431892336405223
french,513,28,0.9434227239322777
owned,212,11,0.9448808043850132
henderson,88,4,0.9476937457616259
seasonal,88,4,0.9476937457616259
catfish,106,5,0.949564653697438
presentation,106,5,0.949564653697438
facebook,106,5,0.949564653697438
appetizer,231,12,0.9502833026683604
hookah,124,6,0.9508988767105748
las,554,30,0.9534761977248749
soo,89,4,0.9588670463597513
meatball,107,5,0.9588670463597513
wasabi,107,5,0.9588670463597513
jalape,179,9,0.9588670463597513
love,7416,411,0.9590018808506189
enjoyed,343,18,0.9646979666705455
beautiful,289,15,0.9657874892043257
sea,144,7,0.9657874892043257
portion,291,15,0.9726603684920878
mushroom,145,7,0.9726603684920878
deli,164,8,0.977216185027947
board,146,7,0.9794863335624875
pita,275,14,0.9808459530785267
visiting,91,4,0.9808459530785267
omelet,128,6,0.9823975437699453
omelette,165,8,0.9832584994839113
seafood,332,17,0.9862660205478662
strip,370,19,0.9889650775170304
complimentary,92,4,0.9916568691827425
dog,543,28,1.0001487053330553
goat,93,4,1.0023521582994892
wall,206,10,1.0033188089305867
mediterranean,112,5,1.0041236379478722
waffles,263,13,1.0053870619946448
tomato,266,13,1.0166866172485776
comfort,133,6,1.0204249393591844
tempura,114,5,1.0216679475987807
cafe,347,17,1.0303260103418959
bbq,1187,60,1.037647924212866
disappoints,77,3,1.0389097540332877
bakery,155,7,1.0389097540332877
secret,175,8,1.04175470616552
dishes,494,24,1.054177226164077
try,5368,270,1.054773418006456
montreal,138,6,1.0570590725389657
perfect,1052,52,1.0576018870454407
platter,158,7,1.057957949003983
ale,79,3,1.064227562017578
chowder,80,3,1.076650082016135
arizona,161,7,1.076650082016135
perfection,162,7,1.082803947590513
everything,2263,110,1.0838535264743259
date,286,13,1.0889201746079493
fav,246,11,1.0929769753035643
cocktail,144,6,1.0993188818288484
roasted,187,8,1.107712673957316
great,21660,1034,1.109607270305096
advance,104,4,1.1130177261870102
broth,104,4,1.1130177261870102
perfectly,170,7,1.1307173032864117
inexpensive,106,4,1.131886210491393
pork,1005,46,1.132085037413212
solid,192,8,1.1339609000322532
plate,428,19,1.1342199338376124
cucumber,85,3,1.1365482235972042
pittsburgh,129,5,1.1442702696911127
kimchi,108,4,1.1504052582586297
wrapped,131,5,1.159537741821902
period,153,6,1.1595377418219037
mouth,242,10,1.1636614590057652
favorites,154,6,1.166010256327521
dip,177,7,1.1708372970758365
town,1668,74,1.1709870985891113
bowls,155,6,1.1724411466578104
nut,200,8,1.1745756191864434
indian,290,12,1.1768691981735433
pasta,336,14,1.1805280177137387
bomb,1011,44,1.1815166485406774
salmon,382,16,1.1833169335880163
cuisine,157,6,1.1851801724352402
corn,316,13,1.188339732725609
stuffed,250,10,1.1960529547970005
spot,1851,80,1.1980675489972725
local,595,25,1.200639417507455
oysters,206,8,1.2039895043927373
les,138,5,1.2112097523662229
udon,92,3,1.2148004204969531
pesto,116,4,1.2212313108272426
vegetarian,376,15,1.228151753671816
recommended,426,17,1.2349075437960462
italian,645,26,1.2434579262418604
shawarma,217,8,1.2557657739164565
environment,290,11,1.2569119058470797
vegas,1875,76,1.2615869961760735
notch,170,6,1.2642486959109345
cake,467,18,1.2725246052147936
green,738,29,1.2725958277496332
mint,98,3,1.2773207774782858
truffle,98,3,1.2773207774782858
organic,123,4,1.2793389416345224
feta,99,3,1.2873711133317887
awesome,5109,203,1.28932997781712
refreshing,175,6,1.2930691344464265
market,150,5,1.2940156560504548
thai,884,34,1.298734871982103
coconut,253,9,1.3032444624880775
cute,511,19,1.3110876399491032
best,10548,408,1.3185664801025938
donut,155,5,1.3265918264850676
avocado,261,9,1.3342546992306374
def,131,4,1.3418592986158568
must,2059,77,1.3422477235576222
style,713,26,1.3435413847988427
amazingly,106,3,1.3550297618056035
simply,294,10,1.3575753720050363
gluten,403,14,1.3618599653225267
sashimi,215,7,1.3643321544679168
welcoming,162,5,1.3704860200422928
california,108,3,1.3735488095728403
oyster,81,2,1.3766022470597292
crab,382,13,1.3774729480289745
milk,526,18,1.3912568578385098
valley,307,10,1.400699798638791
spots,140,4,1.4078172664076547
cleveland,140,4,1.4078172664076547
heaven,226,7,1.4140037642651535
legit,173,5,1.4357911184500605
samples,86,2,1.4357911184500605
dessert,610,20,1.4390698099117598
japanese,351,11,1.4472198142736845
ramen,234,7,1.4486392609279104
definitely,1945,65,1.452371809183112
lemon,236,7,1.457113887918883
smoked,177,5,1.4585193695276164
favorite,2254,75,1.4586672001140348
tuna,385,12,1.4593833004668824
peach,149,4,1.4696926701257418
pastry,90,2,1.4807425063123265
setting,90,2,1.4807425063123265
grits,91,2,1.4916715768445172
craft,91,2,1.4916715768445172
truck,154,4,1.502482492948733
affordable,280,8,1.509625380461113
lobster,280,8,1.509625380461113
knots,124,3,1.5105146646459975
muffin,249,7,1.5105146646459975
pastrami,93,2,1.5131777820654797
moist,93,2,1.5131777820654797
desserts,250,7,1.514506685915535
sample,125,3,1.518482834295174
donuts,473,14,1.5216524090564532
chef,537,16,1.523140504569155
ambience,192,5,1.539426008140417
flavors,456,13,1.554121349742533
die,530,15,1.570668587465745
phoenix,432,12,1.574283659004541
terrific,100,2,1.5850035166367356
cozy,235,6,1.5864169444338838
chefs,101,2,1.5948558130797483
mimosas,101,2,1.5948558130797483
asada,344,9,1.6094546125009002
atmosphere,1796,51,1.611125456665718
delish,528,14,1.6314335192196765
fabulous,320,8,1.6427118342573834
carne,363,9,1.6630640631062814
lovely,254,6,1.6638486845667
casual,145,3,1.6658075490520332
meats,219,5,1.6703633655878924
chile,110,2,1.6794132011078098
naan,110,2,1.6794132011078098
basil,112,2,1.6972708185078176
reservations,303,7,1.7060814481899724
toast,382,9,1.7139451846501865
popular,115,2,1.7234731909018404
downtown,154,3,1.7256260442629436
hawaiian,274,6,1.739356237074845
delightful,79,1,1.7573747425775235
excellent,3395,81,1.792129588630572
brew,166,3,1.8001947397604514
horchata,83,1,1.8061649067469556
san,84,1,1.817999364393959
loved,1030,23,1.8287259421326016
almond,257,5,1.8296954041571487
juices,85,1,1.8296954041571496
highly,955,21,1.8402107481566725
chai,173,3,1.841256226558226
croissants,87,1,1.8526849223818491
vibes,87,1,1.8526849223818491
ceviche,89,1,1.8751577782339073
flavorful,270,5,1.8788546401152315
vibe,271,5,1.8825378855315282
korean,504,10,1.8951584449405763
animal,137,2,1.897136684952681
benedict,184,3,1.9025567524220204
cocktails,184,3,1.9025567524220204
gras,92,1,1.9079476010568985
delicious,6330,135,1.9090538832716613
phenomenal,232,4,1.9100958295951873
relaxing,95,1,1.9396962993714784
soy,145,2,1.9534896215038131
falafel,243,4,1.9562256013226875
kabob,97,1,1.9603155865742146
quaint,98,1,1.9704679580382312
wonderful,997,19,1.9785162912210588
sangria,205,3,2.010077096133278
brunch,628,11,2.027719895376028
cappuccino,104,1,2.029308458061166
superb,161,2,2.0574793350278604
hype,107,1,2.057479335027862
latte,441,7,2.0803636288614493
eggplant,112,1,2.102735926615983
brisket,339,5,2.105681436845738
chopped,113,1,2.111546556298137
amazing,7139,123,2.1216817781921806
gyros,287,4,2.1220178561654315
fantastic,1337,22,2.1319323132226113
curry,701,11,2.1375220427013986
hidden,412,6,2.1460327323693065
authentic,947,15,2.1502610684788275
greek,555,8,2.19203900537795
boba,308,4,2.1923986529272312
wine,865,13,2.193322867410764
espresso,186,2,2.2009916166500627
hummus,374,5,2.203661845205942
ahi,125,1,2.2116300148551193
creative,126,1,2.2195351943622335
homemade,446,6,2.2251437340218425
belly,257,3,2.235160512265314
lamb,325,4,2.245954757396194
corned,138,1,2.3098220410343338
ambiance,348,4,2.3141292982319133
taro,140,1,2.3241079982818107
incredible,423,5,2.326469274467489
reservation,287,3,2.345161407479642
pudding,144,1,2.3520818503242165
uni,148,1,2.3792944138491006
pastor,152,1,2.4057860292960775
crepe,311,3,2.4252041151531794
exceptional,157,1,2.4379431409306083
unique,326,3,2.4721610982409503
ono,85,0,2.522842584717095
empanadas,86,0,2.5344034071181714
arepas,87,0,2.5458321029417945
quiche,87,0,2.5458321029417945
fusion,176,1,2.55149784047747
outstanding,447,4,2.563850608444471
vegan,993,10,2.5723372223217904
gyro,457,4,2.5859265601436707
foie,91,0,2.590283865512628
crepes,370,3,2.598402989951132
gumbo,93,0,2.6117900707335906
pasty,93,0,2.6117900707335906
gem,470,4,2.613915470045904
poke,383,3,2.6328434799314238
torta,95,0,2.6328434799314238
pastries,198,1,2.6686529326281345
goods,100,0,2.6836158053048464
savory,108,0,2.759843170692731
art,109,0,2.7689756542560033
omakase,115,0,2.8220854795699513
baklava,126,0,2.912682374922179
gelato,263,1,2.9512972110499582
byob,133,0,2.966335088414498
dates,139,0,3.0101377110728915
nutella,152,0,3.098933209856023
bulgogi,190,0,3.3207687165102175
katsu,200,0,3.3718001965226634
bruschetta,204,0,3.391505267601996
tapas,216,0,3.4483926420040465
